file,species
01_adore_me_swim_cherie_093_a1.v2-crop.jpg,BK
0400096872937_247x329.jpg,BK
042717-kourtney-kardashian-bikini-embed_0.jpg,BK
08344-08012-F-1-Medium.jpg,BK
0e22b4c4005c828a36c1dff1c784971f--tan-lines-blue-swimsuit (1).jpg,BK
0e22b4c4005c828a36c1dff1c784971f--tan-lines-blue-swimsuit (2).jpg,BK
0e22b4c4005c828a36c1dff1c784971f--tan-lines-blue-swimsuit.jpg,BK
1508108223915450693.jpg,BK
1512122168.9743261-S2668663_C128_Main.jpg,BK
18d8bd85d4a6f6536dc710fa69a888bc--blue-swimsuit-bustier.jpg,BK
27ea09b78a976af4c73d36d7321666ab--fashion-now-classy-fashion.jpg,BK
2VVsnW4.jpg,BK
32ebe5e89a8abd987c808e01bffeba8a.jpg,BK
418a3c3dab6de9577d8aea27b0e6cd2f--perspective-blue-swimsuit.jpg,BK
4358A4CD00000578-4802462-image-a-1_1503057386225 (1).jpg,BK
4358A4CD00000578-4802462-image-a-1_1503057386225.jpg,BK
46A369DF00000578-5112287-image-m-91_1511467186552.jpg,BK
46A36A9500000578-5112287-Fun_in_the_sun_The_actress_33_slipped_into_a_plunging_navy_blue_-a-12_1511468105982.jpg,BK
47206276KA_11_h.jpg,BK
47207254GG_11_h (1).jpg,BK
47207254GG_11_h.jpg,BK
479CB5C900000578-5218975-Darling_The_49_year_old_former_Real_Housewives_of_New_York_stunn-m-31_1514492817544.jpg,BK
488ab1b3fb937ac404695797fc2b5eb2.jpg,BK
4b519212dad2f8a180d6bd63b2d117a3--blue-swimsuit-swim-shop.jpg,BK
540d737a88977b690aaa100fcb42aabb.jpg,BK
5b3f1145d4d5eb16c1cffac4f56fee4e--blue-swimsuit-swimsuits-one-pieces.jpg,BK
610-ErcVhoL._SL1453_.jpg,BK
61VDISbu05L._UY445_.jpg,BK
61vLAdLPvDL._UL1500_.jpg,BK
636312477445950882-XXX-BW-23147-R.JPG,BK
6512247_Mediterra_LoveKnotTankini_TEL_1.jpg,BK
665452-03-2.jpg,BK
665475-02-2.jpg,BK
71Px4-oajYL._UL1376_.jpg,BK
81ut-KhQsmL._AC_SX255_.jpg,BK
81X3y5Mp9JL._UL1500_.jpg,BK
81Ya02lSpDL._AC_SX255_.jpg,BK
81ZmElQdeSL._AC_SX255_.jpg,BK
85510911a08559109f78b2be3b178dd3--bathers-seafolly-seafolly-swimwear.jpg,BK
8hLpoZX.png,BK
9b9a6b163aea4106e610dde1519a1b5d.jpg,BK
adidas-Performance-Swimsuit~538593FRSP.jpg,BK
ashley-graham-2016-photo-sports-illustrated-x160011_tk6_1036-rawwmfinal1920.jpg,BK
BI-037.jpg,BK
bp-zs109nvya-large.jpg,BK
c40083abda6499b1908af6e120de1997--blue-swimsuit-blue-bikini.jpg,BK
c7P6iG2.jpg,BK
Cholrine-Resistant-Swimwear-100-polyester-swimsuit-232-Blue.jpg,BK
Cutouts.jpg,BK
d5d451ac572ebd995a819e44922a660f--blue-bikini-sexy-bikini.jpg,BK
d8bc2a4069557fa58b64933c0538b965--holiday-clothes-summer-clothes.jpg,BK
DP0815201717255739M.tif,BK
DP0928201723111901M (1).tif,BK
DP0928201723111901M.tif,BK
eEbH2tF.jpg,BK
EErKm77.jpg,BK
f23a56d7a5e129cc006b5730a03e13f4--racerback-swimsuit-navy-swimsuit.jpg,BK
f280ba20164361a17876e1a17335af21.jpg,BK
fa3360d9-d367-4ad4-86aa-bdd2dfc8979e_1.34abe93e7fd987422def8b0e5adc2be0.jpeg,BK
Fashion_Nova_09-12-17-136_800x.jpg,BK
fH9t1fW.png,BK
Fortuna_-_blue_front_large.jpg,BK
GBZCKQh.png,BK
hrVtAor.png,BK
il_340x270.1011414119_j9sl.jpg,BK
il_340x270.1143895216_t7mq.jpg,BK
img022936.jpg,BK
JZioSkQ.png,BK
kCfBe.jpg,BK
Kendall-Kylie-swimwear-for-Topshop.jpg,BK
leony_womens_one-piece_legsuit_shorty_swimsuit_-_dark_blue_nabaiji_8361208_756580.jpg,BK
leony_womens_one-piece_swimsuit_-_royal_blue_nabaiji_8178907_390256.jpg,BK
loran_girls_one-piece_swimsuit_-_blue_nabaiji_8360410_707807.jpg,BK
MreNygp.png,BK
Navy-Plunge-Neckline-Swimsuit-by-LASCANA~334516FRSP.jpg,BK
nintchdbpict000246919888 (1).jpg,BK
nintchdbpict000246919888.jpg,BK
NMTVQC2_mu (1).jpg,BK
NMTVQC2_mu.jpg,BK
NMTVQL6_mu.jpg,BK
NMTVSHK_au.jpg,BK
NMTWCYH_mk.jpg,BK
oDYglxU.png,BK
one-shoulder-blue-web_900x.jpg,BK
Palm-Print-Swimsuit-by-bpc-bonprix-collection~950187FRSP.jpg,BK
PJVXO1l.jpg,BK
PM70080XMARINEBlue.jpg1200x1200_large.jpg,BK
poly-core-solid-fastback-womens-tank-swimsuit.jpg,BK
qAztLPD.png,BK
qfnBAbc.jpg,BK
Quayside_Woman_Sports_Swimsuit_Lister_1_9322769907742.jpg,BK
Quayside_Woman_Wrap_Swimsuit_Lister_1_9375996739614.jpg,BK
RI981G00A-K11%4014.jpeg,BK
Rita-Ora-and-Nick-Grimshaw-Daisy-Lowe-show-off-their-bikini-bodies-on-the-beach-in-Miami.jpg,BK
rJH1bmM.png,BK
ro_Roidal-Brasil-Arian-Ombre-Swimsuit.jpg,BK
ScHdZze.jpg,BK
SHDB1oH.png,BK
sp_Speedo-Girls-Essential-Medallist-Blue-Front.jpg,BK
stock-photo-beautiful-overweight-woman-in-blue-swimsuit-on-grey-background-719249143.jpg,BK
SW361BLKA.jpg,BK
szH7Ksh.png,BK
tanya-mityushina-2016-photo-sports-illustrated-x159794_tk4_07133-rawwmfinal1920.jpg,BK
TARDIS-Swimsuit-75.jpg,BK
top-places-to-buy-swimsuits-62_c11f7d5cdb6b218229d7f6ad773373e1.focal-320x417.jpg,BK
top-places-to-buy-swimsuits-67_c11f7d5cdb6b218229d7f6ad773373e1.focal-320x417.jpg,BK
ttoc7-420_alt05.jpg,BK
UNIF_BLACK_LINDO_SWIM_BOTTOM_3_1024x1024.jpg,BK
UNIF_BLACK_LINDO_SWIM_BOTTOM_4_1024x1024.jpg,BK
upr7wtZ.jpg,BK
usps-100-rubber-latex-swimsuit-rubber-swimsuit.jpg,BK
V1226-TQQ_V2575-TQQ.064.s.jpg,BK
v1jEWFK.jpg,BK
X160011_TK2_4342-rawWMFinal1920.jpg,BK
X32vuZX.png,BK
xKlXDu7.png,BK
zb7OTWf.png,BK
zimme4097912560_q1_1-0._UX220_ (1).jpg,BK
zimme4097912560_q1_1-0._UX220_.jpg,BK
_101086228 (1).jpg,BK
_101086228 (2).jpg,BK
_101086228.jpg,BK
_101713476.jpg,BK
_101919525.jpg,BK
_101964836.jpg,BK
_102065702.jpg,BK
_102065753.jpg,BK
_102316016.jpg,BK
_13381725.jpg,BK
1.jpg,CE
10.jpg,CE
11.jpg,CE
12.jpg,CE
13.jpg,CE
14.jpg,CE
16.jpg,CE
17.jpg,CE
18.jpg,CE
19.jpg,CE
2.jpg,CE
2.png,CE
21.jpg,CE
25.png,CE
26.jpg,CE
27.png,CE
3.jpg,CE
33.jpg,CE
4.jpg,CE
5.jpeg,CE
5.jpg,CE
6.jpg,CE
7.jpg,CE
8.jpg,CE
8qaKmmd.jpg,CE
9.jpeg,CE
9.jpg,CE
9.png,CE
BGGTlDb.jpg,CE
httpafilesbiographycomimageuploadcfillcssrgbdprgfacehqwMTIOTcwODQNTUzNjQMzcjpg.jpg,CE
httpassetsrollingstonecomassetsarticlemadonnadavidbowiechangedthecourseofmylifeforeversmallsquarexmadonnabowiejpg.jpg,CE
httpassetsrollingstonecomassetsimagesalbumreviewaffaceabdcccaeedjpg.jpg,CE
httpaurorasblogcomwpcontentuploadsjerryseinfeldpublicityshotjpg.jpg,CE
httpblognjcomentertainmentimpactcelebritiesmediumjerrybjpg.jpg,CE
httpbpblogspotcomedLMjVpRGkSWexgsXjkNIAAAAAAAADWgFFtAUqBlhAsjpg.jpg,CE
httpcdncdnjustjaredcomwpcontentuploadsheadlineseltonjohnemmysperformancewatchnowjpg.jpg,CE
httpcdncdnjustjaredcomwpcontentuploadsheadlineseltonjohnstillstandingbrooklynnewyearsjpg.jpg,CE
httpcdncdnjustjaredcomwpcontentuploadsheadlineseltonjohnsupportsbrucejennerstransitiontowomanjpg.jpg,CE
httpcdncdnjustjaredcomwpcontentuploadsheadlinesjerryseinfeldmakesbrianwilliamsjokejpg.jpg,CE
httpcdncdnjustjaredcomwpcontentuploadsheadlinesmadonnatalksparisattackstearsjpg.jpg,CE
httpcdncdnjustjaredcomwpcontentuploadsheadlinesmindykalingcomedypilotjpg.jpg,CE
httpcdnfuncheapcomwpcontentuploadsVOGUEjpg.jpg,CE
httpcdnpastemagazinecomwwwarticlesmindykalingndbookjpg.jpg,CE
httpcdnpastemagazinecomwwwarticlesmindyprojectjpg.jpg,CE
httpcsvkmeuaafdfjpg.jpg,CE
httpcsvkmeuadecafjpg.jpg,CE
httpdbrbzkkbdsdcloudfrontnetwpcontentuploadsMindyKalingjpg.jpg,CE
httpecximagesamazoncomimagesIfmaBKWLACULSRjpg.jpg,CE
httpikinjaimgcomgawkermediaimageuploadsWmIuhdsrcedidjpgjpg.jpg,CE
httpimgthedrumcomsfspublicnewstmpjerryseinfeldjpg.jpg,CE
httpmediacacheecpinimgcomxffeffbcefjpg.jpg,CE
httpmediavoguecomrwblondesdarkbrowsmadonnajpg.jpg,CE
httppfodcompchannelslegacyprofilejerryseinfeldpodcastjpg.jpg,CE
httpssmediacacheakpinimgcomxafafedebcbjpg.jpg,CE
httpssmediacacheakpinimgcomxbabafeacbaaacabffjpg.jpg,CE
httpssmediacacheakpinimgcomxbbfcbdedfbfdbjpg.jpg,CE
httpssmediacacheakpinimgcomxcccccddbbfedabjpg.jpg,CE
httpssmediacacheakpinimgcomxccccdabeaadjpg.jpg,CE
httpssmediacacheakpinimgcomxdbbdbbbececacdecdcdfjpg.jpg,CE
httpssmediacacheakpinimgcomxdcfdcfedfaedadjpg.jpg,CE
httpssmediacacheakpinimgcomxdfdfadcfeabjpg.jpg,CE
httpssmediacacheakpinimgcomxedaedabcbefbcbabbjpg.jpg,CE
httpssmediacacheakpinimgcomxeebdfdbaaajpg.jpg,CE
httpssmediacacheakpinimgcomxeedccadejpg.jpg,CE
httpssmediacacheakpinimgcomxfeebfdccajpg.jpg,CE
httpssmediacacheakpinimgcomxffeabacaaejpg.jpg,CE
httpssmediacacheakpinimgcomxffecfafddjpg.jpg,CE
httpssvagalumecommadonnaimagesmadonnajpg.jpg,CE
httpstatictherichestimagescomcdncwpcontentuploadsJerrySeinfeldjpg.jpg,CE
httpsticketmnettmenusdbimagesajpg.jpg,CE
httpsuploadwikimediaorgwikipediacommonsMadonnathAnnualGoldenGlobesAwardscroppedjpg.jpg,CE
httpsuploadwikimediaorgwikipediacommonsthumbaaMadonnaatthepremiereofIAmBecauseWeArejpgpxMadonnaatthepremiereofIAmBecauseWeArejpg.jpg,CE
httpsuploadwikimediaorgwikipediacommonsthumbbJerrySeinfeldjpgpxJerrySeinfeldjpg.jpg,CE
httpsuploadwikimediaorgwikipediacommonsthumbddBenAffleckbyGageSkidmorejpgpxBenAffleckbyGageSkidmorejpg.jpg,CE
httptrwebimgacstanetcxbdddmediasnmediajpg.jpg,CE
httpuploadwikimediaorgwikipediacommonsthumbaMadonnaRotterdamjpgpxMadonnaRotterdamjpg.jpg,CE
httpwwwbeastiemaniacomwhoismadonnamadonnajpg.jpg,CE
httpwwweonlinecomresizewwweonlinecomeolimagesEntireSitersxEltonJohnJRjpg.jpg,CE
httpwwwjohnpauljonesarenacomeventimagesEltonCalendarVjpg.jpg,CE
httpwwwnndbcompeoplejerryseinfeldaujpg.jpg,CE
httpwwwpictureszimbiocomgpJerrySeinfeldJessicaSeinfeldmarriedBczSipMdNMQljpg.jpg,CE
httpwwwrumenewscomwpcontentuploadsbenafflekxpng.jpg,CE
httpwwwwatchidcomsitesdefaultfilesuploadsightingBreitlingwatchJerrySeinfeldjpg.jpg,CE
igsfchw.jpg,CE
iXyfb5B.jpg,CE
j5aCkqd.jpg,CE
0108RuC.jpg,NI
01tr9otrjkc21.jpg,NI
0cLoGgS.jpg,NI
0cUEHXK.jpg,NI
0F1pH2E.jpg,NI
0ouZEnK.jpeg,NI
0ybYOVV.jpg,NI
1cT23Vn.jpg,NI
1CzjRIK.jpg,NI
1de45e6ier421.jpg,NI
1EWyynl.jpg,NI
1jSRFTr.jpg,NI
1Li8ZDo.jpg,NI
1MT99vC.jpg,NI
2q78biw.jpg,NI
3973qrc.jpg,NI
3D9z57y.jpg,NI
3egx9pkkvi521.jpg,NI
3nfWuZF.jpg,NI
3oVuwbW.jpg,NI
3PdZlq8.jpg,NI
3Q27dlV.jpg,NI
3xHmFK9.jpg,NI
3zDs51m.jpg,NI
43fvft8.jpg,NI
44ufcHq.jpg,NI
4A7fIv8.jpg,NI
4aRQOJf.jpg,NI
4biuu4mtri121.jpg,NI
4cag9o8.png,NI
4ci6qlv.jpg,NI
4hSq55z.jpg,NI
4JEWfXb.jpg,NI
5Cg0jcb.jpg,NI
5H0yoAi.jpg,NI
5p5n1Mm.jpg,NI
5Pv0YCS.jpg,NI
5r20R5K.jpg,NI
5WHLbjD.jpg,NI
699u7dxf0gh01.jpg,NI
6DqAJbH.jpg,NI
6i5VazYh.jpg,NI
6Mw13f5.jpg,NI
6Sg1SFZ.jpg,NI
70Wl9LU.jpg,NI
7dJ680t.jpg,NI
7F3wpvl.jpg,NI
7fdRaKk.jpg,NI
7FQyghS.jpg,NI
7gce1pq2ao9z.jpg,NI
7JmBLyF.jpg,NI
7uye0kA.jpg,NI
7yDkQCB.jpg,NI
84ZMXMx.jpg,NI
8f9AEdx.jpg,NI
8HuxQLL.jpg,NI
8Lxv9t6.jpeg,NI
8p19qsx.jpg,NI
8pJgWSw.png,NI
8THf6vT.jpg,NI
8vGXCeJ.jpeg,NI
8wWTK2g.png,NI
93SPHZ8.png,NI
976ra2l50sm11.jpg,NI
9bA8hMt.jpg,NI
9CApVEN.png,NI
9FpbuSC.jpeg,NI
9iZZJHF.jpg,NI
9qsj9o7fqs421.jpg,NI
AFULFAX.jpg,NI
aRDMiWM.jpg,NI
ARIIDoT.jpg,NI
asz59c7ivl9z.jpg,NI
b7a8ZDy.jpg,NI
bB8WX57.jpg,NI
bCHEv8j.png,NI
Bj4rbWG.jpg,NI
BR1VTMc.jpg,NI
bvt2YEe.jpg,NI
BWvfO5v.jpg,NI
C1eN7aY.png,NI
C7HYAAl.jpg,NI
c7ICqZM.jpg,NI
caqm101bvcb11.jpg,NI
caUpsHa.jpg,NI
CGxayPNh.jpg,NI
ciEIWvn.jpg,NI
cKwDr8n.jpg,NI
cmVCd56.jpg,NI
CNxRfNO.jpeg,NI
CoPV4S7.jpeg,NI
cPBXrri.jpg,NI
CS4rCUu.jpg,NI
CVkgk.jpg,NI
CWMNdPP.jpg,NI
CwO4X1u.jpg,NI
cxnlzZr.jpg,NI
d7lVM9G.jpg,NI
D9q5d.jpg,NI
dap4r46ik4421.jpg,NI
dbe1q.jpg,NI
Dcj2MYS.jpg,NI
deLZlOe.jpg,NI
dg4mzzcton521.jpg,NI
dhewefw25bc21.jpg,NI
DHjDn7M.jpg,NI
DXH385F.jpg,NI
dXyyb2x.jpg,NI
dZ6wSZs.jpg,NI
E20tcRc.jpg,NI
eDmAcnB.jpg,NI
eFmgYXP.jpg,NI
EhyYh7C.jpg,NI
eQfQVUI.jpg,NI
et1OxtZ.jpg,NI
eUOOJAH.jpg,NI
EvQKcOV.jpg,NI
eWgDxRs.jpg,NI
f2WTvFN.jpg,NI
F7ZBOq8.jpg,NI
F99tl5S.jpg,NI
fa6uTzr.jpg,NI
fpmifzbjn1t01 (1).jpg,NI
fpmifzbjn1t01.jpg,NI
FQ1yTtx.jpg,NI
FrhktgV.jpg,NI
Frhln1D.jpg,NI
FU5geGI.jpg,NI
G6m3UC4.jpg,NI
G7e0HED.png,NI
g8nACi5.jpg,NI
gQdTQVX.jpg,NI
GrMjmQZ.jpg,NI
gVGRIMA.jpg,NI
gw2crnuzgrc21.jpg,NI
GYM9aj8.jpg,NI
h2tmd5bxuddz.jpg,NI
h3mg5MW.jpg,NI
Hawsj7s.jpg,NI
hcjbLc5.jpg,NI
HdbgJko.jpg,NI
HeG9Hy5.jpg,NI
hF7kd1k.jpeg,NI
hiS4uGT.jpg,NI
HJBOOiV.jpg,NI
HjdbrZz.png,NI
Hk9OwLn.jpg,NI
HLRaQYM.jpg,NI
hpPnk5w.jpg,NI
hq56e.jpg,NI
hrDqR9S.jpg,NI
HSBZ7.jpg,NI
htmt44P.jpg,NI
iMI9bgC.jpg,NI
imqUuoE.jpg,NI
In5MkfJ.jpg,NI
iNvhOwW.jpg,NI
ipXtc52.jpg,NI
IQZMISn.jpg,NI
iut5dtufms621.jpg,NI
IXnSLnt.jpg,NI
iyYWnJu.jpg,NI
IzOQgQQ.jpg,NI
jeFwngS.jpg,NI
Jf0Wezt.jpg,NI
jFubzws.jpg,NI
jghnp8N.jpg,NI
JItXxVU.jpg,NI
jjlbo85utb521.jpg,NI
jR4nzuu.jpg,NI
jR6gGq5.jpg,NI
jtdmhj9vxi521.jpg,NI
Jw5H2zx.jpg,NI
JxK6wVe.jpg,NI
JZJHoq3.jpg,NI
jzRLcZd.jpg,NI
jztgCef.jpg,NI
K2Z0DCw.jpg,NI
K5eEm1Q.jpg,NI
k5inUHu.jpg,NI
K7B4hg2.jpg,NI
kdmlH21.jpg,NI
KE8FCcm.jpg,NI
KFteT8o.jpg,NI
KH2DBf9.jpg,NI
khzdNpG.jpg,NI
KkgCKmD.jpg,NI
KMGG0.jpg,NI
ko498SQ.jpg,NI
koDRFeO.jpg,NI
kS9NlXT.jpg,NI
kse2A.jpg,NI
KvbNXl8.jpg,NI
KwhikvU.jpg,NI
L51KaR4.jpg,NI
lGYUOvl.png,NI
Lh9m9al.jpg,NI
lhdMcvY.jpg,NI
LhpFSS3.jpg,NI
LIfJoXo.jpg,NI
LJt1ByS.jpg,NI
lK6zd1R.jpg,NI
lkhEqI2.jpg,NI
lrFOX1b.jpg,NI
lsFS2w5.jpg,NI
lYxyQvA.jpg,NI
m2978txkrn321.jpg,NI
M5y8z2u.jpg,NI
M6GrP.jpg,NI
M80S4Cm.jpg,NI
MbJtoSP.jpg,NI
mcvulkgsh5421.jpg,NI
mD199SI.jpg,NI
MF9zSnX.jpg,NI
mGURlTP.jpg,NI
mipPBdk.jpg,NI
mndzc33.jpg,NI
MT8XNlg.png,NI
MTwSBsG.jpeg,NI
MWYyfpR.jpg,NI
MYajOEN.jpg,NI
mz18CSm.jpg,NI
MZPLVhr.jpg,NI
n7m7MaN.jpg,NI
n7Pv6yrh.jpg,NI
nbbckIG.jpg,NI
nC0yPbf.jpg,NI
NIHCfxt.png,NI
NjBvh6C.jpg,NI
nMzGg.jpg,NI
nNqDjAi.jpg,NI
ntut5w5k7jn01.jpg,NI
Nx4YoNv.jpeg,NI
NZjfqOb.png,NI
o5Q4Zls.jpg,NI
O92H833.jpg,NI
o9uBWe0.png,NI
OaxMLxe.jpg,NI
oAzoOih.jpg,NI
odDW3Wi.jpg,NI
oFQ8TU7.jpg,NI
ONQ9Hv5.jpg,NI
ONQTrVD.jpg,NI
oQipz0g.jpg,NI
oRfgCja.jpg,NI
OsoGYwV.jpg,NI
oswY3U6.jpg,NI
ov7x21nzd0921.jpg,NI
oXF5SY4.png,NI
OxNu9bU.jpg,NI
OxSVImR.jpg,NI
p2l6mk1jfd521.png,NI
P37rlz1.jpg,NI
p3LPX9v.jpg,NI
P6dxg.jpg,NI
P6K663m.jpg,NI
P6RgLrW.jpg,NI
Pam094V.jpg,NI
PCOyDtp.jpg,NI
Pcql05r.jpg,NI
pEE4c3c.jpg,NI
pelwMfh.jpg,NI
pIMm9RY.jpg,NI
plvanNi.jpg,NI
pnwdnhabui911.jpg,NI
PpZGkB5.jpg,NI
PSBZ7vM.jpg,NI
pv8ODFL.jpg,NI
pvCftnQ.jpg,NI
pvqhw976m19z.jpg,NI
q9LUHuS.jpg,NI
qBpDwgj.jpg,NI
qEiuE1a.jpg,NI
qkj5ji8k4b6z.jpg,NI
Qs7P371.jpg,NI
QU9AaNG.png,NI
QVYZJ9R.jpg,NI
qxo74jmzjt021.jpg,NI
r00dgeA.jpg,NI
r579wiU.jpg,NI
R7kfdcd.jpg,NI
REpngP3.jpg,NI
rhqGKin.jpeg,NI
RlLaTP9.jpg,NI
ROHQxY2.jpg,NI
Rrybi5U.jpg,NI
rwkgen7b3k421.jpg,NI
rzuckvndaykx.jpg,NI
s2cDlNV.jpg,NI
S4AkJah.jpg,NI
sCMWdkP.jpg,NI
SDOLj32.jpg,NI
SEE94Wl.jpg,NI
SeZjDSA.jpg,NI
sf21j7c9bmp11.jpg,NI
SjAoiXI.jpg,NI
sjyq1YG.jpg,NI
sn64rr7evf921.jpg,NI
SrirMaj.jpg,NI
SW4qpNI.jpg,NI
sZKyu5w.jpg,NI
sZpkj19.jpg,NI
t0KLBtk.png,NI
TALfLpO.jpg,NI
teD9xCq.jpg,NI
tfZHBFH.jpg,NI
tHgWZcp.jpg,NI
thoaAnX.jpg,NI
TJyqti7.jpg,NI
tNaeecs.jpg,NI
TqsNagt.jpg,NI
TYnnWJe.jpg,NI
u51Qhm8.jpg,NI
u6D0Nr4.jpg,NI
U7yF0wZ.jpg,NI
UDR3BHn.jpg,NI
uDVnqiC.jpg,NI
ue5sZK4.jpg,NI
uewNNwi.jpg,NI
Uju7Hpk.jpg,NI
UJyrmK8.jpg,NI
UlbHUGV.jpg,NI
UlMNKSh.jpg,NI
uMnXvXE.jpg,NI
Uo5i21i.jpg,NI
utidR9e.jpg,NI
UtK9ui8.jpg,NI
uuXjAty.jpg,NI
uz27uyppno821.jpg,NI
v3qOK3A.jpg,NI
v4FNz6k.jpg,NI
VboVP.jpg,NI
VEC5Ho3.jpg,NI
VKP925t.jpg,NI
VRbF6.jpg,NI
vrscFOZ.jpeg,NI
vRypvjJ.jpg,NI
VXS5LIO.jpg,NI
Vy4ZzUr.jpg,NI
vyI8h43.jpg,NI
VzuXRFU.jpg,NI
w2wkmIH.jpg,NI
W3uK8az.jpg,NI
W4ccWhU.jpg,NI
W5LP0yw.jpg,NI
w6acfzhspb421.jpg,NI
W7JFXZ8.jpg,NI
WaFRf5e.jpg,NI
WBDvRiv.jpg,NI
wKe5pgQ.jpg,NI
wKXMeRI.jpg,NI
wl62zjl.jpg,NI
WLTqClQ.jpg,NI
wm6jp.jpg,NI
wnRAyP7.jpg,NI
wOoPQpu.jpg,NI
wq75mdo052721.jpg,NI
wrhhyiy.jpg,NI
wuiecv3jiw321.jpg,NI
X0ELS3I.jpg,NI
x4ozT6w.jpg,NI
X6KTWKy.jpg,NI
x8sOi9N.jpg,NI
X8t4pao.jpg,NI
xaRnyCy.jpg,NI
XAZSQlJ.png,NI
XB1aqnW.jpg,NI
xDkobuC.jpg,NI
xEaveki.jpg,NI
xeifrp0o6v7z.jpg,NI
xiJPi.jpg,NI
XiLHK.jpg,NI
xJkUqdV.jpg,NI
XofEnWI.jpeg,NI
XPCNdfE.jpg,NI
xSG0jvb.jpg,NI
XVpkcs8.jpg,NI
y8ceB0a.jpg,NI
YC9yG0c.jpg,NI
ye3PQme.jpg,NI
YEItJhx.jpg,NI
ynUZn03.jpg,NI
yNWzgFZ.jpg,NI
YOEocSa.jpg,NI
YPllq9d.jpg,NI
YtSRn2j.jpg,NI
z1aIz10.jpg,NI
z1fvTB1.jpg,NI
Z2oUvji.jpg,NI
Z2Pjp.jpg,NI
z4eX71X.jpg,NI
Z7hsX4Z_d.jpg,NI
za7hehv.jpg,NI
Zhk81RW.jpg,NI
ZifCdmP.jpg,NI
zKto5hY.jpg,NI
ZLsw7lI.jpg,NI
ZxyBZHW.jpg,NI
Zyp7z0V.jpg,NI
ZzMFFBx.jpg,NI
